Order ID,Customer ID,Customer Name,Product ID,Product Name,Category,Sub Category,Brand,Supplier,Store,City,State,Country,Sales Representative,Payment Method,Currency,Order Date,Ship Date,Quantity,Unit Price,Discount %,Tax %,Order Status,Shipping Method,Customer Type
O10005,C1090, maria  santos ,P5091,Samsung Galaxy,Electronics,Phone,Samsung,Prime Goods,Online Store, Los Angeles ,California,USA,John Cruz,Cash,USD,2025-02-15,2025-02-21,6,2200.4,0,12,Pending,Express,Retail
O10001,C1020,Juan Dela Cruz,P5038,Samsung Galaxy,Electronics,Phone,Samsung,Prime Goods,North Hub,cebu city,Cebu,Philippines,Maria Santos,CASH,PHP,2024-09-01,2024-09-06,6,4931.85,0,12,Returned,Same Day,Wholesale
O10002,C1114,PEDRO REYES,P5178,Lenovo ThinkPad,Electronics,Laptop,Lenovo,ABC Supply,North Hub,Cebu City,Cebu,Philippines,Maria Santos,Cash Payment,PHP,2025-13-45,2024-11-12,2,3844.99,0,12,Returned,Same Day,Retail
O10003,C1063,Juan Dela Cruz,P5153,Philips Hue,Home,Lamp,Philips,ABC Supply,Online Store,Los Angeles,California,USA,Maria Santos,CASH,USD,2024-07-26,2024-07-28,9,4735.24,0,12,Pending,Standard,Wholesale
O10004,C1043,mArIa Cruz,P5029,Lenovo ThinkPad,Electronics,Laptop,Lenovo,Prime Goods,Online Store,Cebu City,Cebu,Philippines,John Cruz,CASH,PHP,2024-10-01,2024-10-05,-6,3842.42,5,12,Pending,Express,Wholesale
O10005,C1134,mArIa Cruz,P5135,Nike Runner,Fashion,Shoes,Nike,ABC Supply,North Hub,Manila,NCR,Philippines,Maria Santos,GCash,PHP,2024-07-19,2024-07-26,4,1596.75,15,12,Completed,Standard,Wholesale
O10006,C1030,mArIa Cruz,P5118,IKEA Ergo,Home,Chair,IKEA,ABC Supply,Online Store,Cebu City,Cebu,Philippines,John Cruz,GCash,PHP,2024-02-06,2024-02-10,5,1809.51,5,12,Pending,Same Day,Wholesale
O10007,C1148,Juan Dela Cruz,P5120,Samsung Galaxy,Electronics,Phone,Samsung,ABC Supply,North Hub,Manila,NCR,Philippines,Maria Santos,CASH,PHP,2024-06-10,2024-06-11,-7,2521.66,15,12,Returned,Same Day,VIP
O10008,C1071,mArIa Cruz,P5025,Philips Hue,Home,Lamp,Philips,ABC Supply,North Hub,los angeles,California,USA,John Cruz,Cash Payment,USD,2025-03-16,2025-03-20,7,1532.02,15,12,Returned,Express,Wholesale
O10009,C1133, maria  santos ,P5159,IKEA Ergo,Home,Chair,IKEA,Prime Goods,North Hub,los angeles,California,USA,John Cruz,cash,USD,2024-08-23,2024-08-24,7,3619.11,5,12,Pending,Standard,Wholesale
O10010,C1041, maria  santos ,P5071,Puma Travel,Fashion,Bag,Puma,ABC Supply,Online Store,cebu city,Cebu,Philippines,John Cruz,Credit Card,PHP,2024-09-17,2024-09-23,5,4757.98,0,12,Pending,Standard,VIP
O10011,C1074, maria  santos ,,Samsung Galaxy,Electronics,Phone,Samsung,ABC Supply,Online Store,Los Angeles,California,USA,Maria Santos,Credit Card,USD,2024-01-20,2024-01-25,7,1485.36,15,12,Completed,Standard,Retail
O10012,C1022,Juan Dela Cruz,P5148,Lenovo ThinkPad,Electronics,Laptop,Lenovo,Prime Goods,North Hub,cebu city,Cebu,Philippines,John Cruz,PayPal,PHP,2024-02-19,2024-02-25,10,1356.96,10,12,Completed,Express,VIP
O10013,C1126,mArIa Cruz,P5091,Philips Hue,Home,Lamp,Philips,ABC Supply,Online Store,CEBU CITY,Cebu,Philippines,Maria Santos,GCash,PHP,2024-03-16,2024-03-21,10,1586.93,10,12,Pending,Express,Retail
O10014,, maria  santos ,P5186,IKEA Ergo,Home,Chair,IKEA,Prime Goods,North Hub, Cebu City ,Cebu,Philippines,John Cruz,PayPal,PHP,2024-05-18,2024-05-22,4,1808.74,5,12,Returned,Standard,Wholesale
O10015,C1119,Juan Dela Cruz,,IKEA Ergo,Home,Chair,IKEA,Prime Goods,Online Store, Cebu City ,Cebu,Philippines,John Cruz,cash,PHP,2024-02-17,2024-02-23,10,2771.88,15,12,Returned,Express,VIP
O10016,C1130,mArIa Cruz,P5099,Puma Travel,Fashion,Bag,Puma,Prime Goods,North Hub, Manila ,NCR,Philippines,Maria Santos,GCash,PHP,2024-08-16,2024-08-21,3,4169.17,5,12,Returned,Express,VIP
O10017,C1146,Juan Dela Cruz,P5143,IKEA Ergo,Home,Chair,IKEA,ABC Supply,North Hub,Cebu City,Cebu,Philippines,John Cruz,cash,PHP,2025-13-45,2024-01-16,9,2868.72,0,12,Completed,Standard,Wholesale
O10018,C1004,Juan Dela Cruz,P5185,Puma Travel,Fashion,Bag,Puma,ABC Supply,North Hub,Cebu City,Cebu,Philippines,John Cruz,cash,PHP,2024-10-31,2024-11-05,1,1331.83,15,12,Returned,Same Day,VIP
O10019,C1145,PEDRO REYES,P5191,Samsung Galaxy,Electronics,Phone,Samsung,ABC Supply,North Hub,Los Angeles,California,USA,John Cruz,GCash,USD,2024-10-12,2024-10-19,3,2230.87,0,12,Pending,Standard,Retail
O10020,C1131,Juan Dela Cruz,P5195,Nike Runner,Fashion,Shoes,Nike,Prime Goods,North Hub,Manilaa,NCR,Philippines,John Cruz,Credit Card,PHP,2024-04-18,2024-04-25,8,2934.47,0,12,Pending,Express,Wholesale
,,,,,,,,,,,,,,,,,,,,,,,,
O10022,C1065,mArIa Cruz,P5000,Nike Runner,Fashion,Shoes,Nike,ABC Supply,Online Store,manila,NCR,Philippines,John Cruz,Cash Payment,PHP,2024-01-05,2024-01-07,-6,3337.73,0,12,Returned,Same Day,Wholesale
O10023,C1026,mArIa Cruz,P5189,Samsung Galaxy,Electronics,Phone,Samsung,ABC Supply,North Hub, Los Angeles ,California,USA,Maria Santos,cash,USD,2024-01-08,2024-01-10,3,4271.6,15,12,Completed,Standard,Retail
O10024,C1063,PEDRO REYES,P5089,Puma Travel,Fashion,Bag,Puma,ABC Supply,North Hub,CEBU CITY,Cebu,Philippines,John Cruz,CASH,PHP,2024-09-02,2024-09-08,9,3517.65,0,12,Completed,Standard,Wholesale
O10025,C1000, maria  santos ,P5099,Lenovo ThinkPad,Electronics,Laptop,Lenovo,ABC Supply,Online Store, Los Angeles ,California,USA,John Cruz,Credit Card,USD,2024-06-28,2024-06-29,10,972.79,5,12,Completed,Express,Wholesale
O10026,C1142,Juan Dela Cruz,P5141,IKEA Ergo,Home,Chair,IKEA,Prime Goods,North Hub,Cebu City,Cebu,Philippines,John Cruz,Credit Card,PHP,2025-05-12,2025-05-18,6,4621.81,0,12,Returned,Express,Retail
O10027,C1136,Juan Dela Cruz,P5200,Samsung Galaxy,Electronics,Phone,Samsung,Prime Goods,North Hub,Cebu City,Cebu,Philippines,Maria Santos,PayPal,PHP,2025-06-14,2025-06-20,7,3617.54,10,12,Returned,Standard,VIP
O10028,C1102,mArIa Cruz,P5013,Nike Runner,Fashion,Shoes,Nike,ABC Supply,North Hub,Cebu City,Cebu,Philippines,John Cruz,CASH,PHP,2024-12-31,2025-01-03,6,2469.54,15,12,Completed,Express,Wholesale
O10029,,mArIa Cruz,P5172,Philips Hue,Home,Lamp,Philips,Prime Goods,North Hub,Los Angeles,California,USA,Maria Santos,PayPal,USD,2024-06-07,2024-06-10,6,1893.52,0,12,Pending,Express,Retail
O10030,C1093,Juan Dela Cruz,P5003,Nike Runner,Fashion,Shoes,Nike,ABC Supply,Online Store,Cebu City,Cebu,Philippines,Maria Santos,GCash,PHP,2024-05-08,2024-05-10,7,1023.57,10,12,Completed,Same Day,Retail
O10031,,PEDRO REYES,P5151,Samsung Galaxy,Electronics,Phone,Samsung,ABC Supply,North Hub,manila,NCR,Philippines,Maria Santos,GCash,PHP,2025-04-11,2025-04-18,9,919.16,15,12,Returned,Express,VIP
O10032,C1058,mArIa Cruz,P5128,Nike Runner,Fashion,Shoes,Nike,ABC Supply,Online Store,MANILA,NCR,Philippines,John Cruz,cash,PHP,2024-11-27,2024-11-28,1,2641.55,5,12,Completed,Express,VIP
O10033,C1050,Juan Dela Cruz,P5163,Samsung Galaxy,Electronics,Phone,Samsung,Prime Goods,North Hub, Cebu City ,Cebu,Philippines,John Cruz,PayPal,PHP,2024-04-14,2024-04-21,1,824.25,5,12,Pending,Express,Retail
O10034,C1053,mArIa Cruz,P5019,Samsung Galaxy,Electronics,Phone,Samsung,ABC Supply,North Hub,Cebu City,Cebu,Philippines,Maria Santos,CASH,PHP,2024-11-14,2024-11-20,4,2028.09,0,12,Completed,Same Day,VIP
O10035,C1062,PEDRO REYES,P5067,Samsung Galaxy,Electronics,Phone,Samsung,Prime Goods,North Hub,LOS ANGELES,California,USA,Maria Santos,Credit Card,USD,2025-01-09,2025-01-12,5,3612.76,5,12,Pending,Express,Retail
O10036,C1109,mArIa Cruz,P5042,Lenovo ThinkPad,Electronics,Laptop,Lenovo,ABC Supply,Online Store,Manilaa,NCR,Philippines,Maria Santos,GCash,PHP,2025-13-45,2024-10-22,3,2108.86,15,12,Pending,Express,VIP
O10037,C1051,mArIa Cruz,P5185,IKEA Ergo,Home,Chair,IKEA,Prime Goods,Online Store, Manila ,NCR,Philippines,John Cruz,Cash,PHP,2024-10-27,2024-11-02,5,272.59,0,12,Pending,Standard,Retail
O10038,C1095,mArIa Cruz,P5061,Puma Travel,Fashion,Bag,Puma,Prime Goods,North Hub,MANILA,NCR,Philippines,Maria Santos,Credit Card,PHP,2024-06-13,2024-06-17,2,3483.05,5,12,Returned,Same Day,Wholesale
O10039,C1117,mArIa Cruz,P5198,IKEA Ergo,Home,Chair,IKEA,Prime Goods,Online Store, Los Angeles ,California,USA,Maria Santos,cash,USD,2025-03-10,2025-03-16,1,3692.83,5,12,Pending,Same Day,Retail
O10005,C1118,mArIa Cruz,P5080,Nike Runner,Fashion,Shoes,Nike,Prime Goods,Online Store,manila,NCR,Philippines,Maria Santos,PayPal,PHP,2025-01-20,2025-01-24,6,1072.42,0,12,Returned,Express,VIP
O10041,C1081, maria  santos ,P5183,Philips Hue,Home,Lamp,Philips,ABC Supply,Online Store, Los Angeles ,California,USA,John Cruz,GCash,USD,2024-04-03,2024-04-06,1,2422.66,0,12,Completed,Same Day,Retail
O10042,,mArIa Cruz,P5061,Philips Hue,Home,Lamp,Philips,ABC Supply,Online Store, Los Angeles ,California,USA,Maria Santos,Cash,USD,2025-01-06,2025-01-07,5,165.28,5,12,Completed,Standard,Retail
O10043,C1131, maria  santos ,P5142,Samsung Galaxy,Electronics,Phone,Samsung,ABC Supply,Online Store, Cebu City ,Cebu,Philippines,Maria Santos,Credit Card,PHP,2024-05-21,2024-05-23,5,992.37,15,12,Completed,Same Day,VIP
O10044,C1053,Juan Dela Cruz,P5092,Philips Hue,Home,Lamp,Philips,ABC Supply,North Hub, Cebu City ,Cebu,Philippines,John Cruz,Cash,PHP,2024-02-07,2024-02-08,1,1891.3,5,12,Completed,Express,VIP
O10045,C1085, maria  santos ,P5032,Nike Runner,Fashion,Shoes,Nike,ABC Supply,North Hub,LOS ANGELES,California,USA,John Cruz,cash,USD,2024-07-05,2024-07-08,2,4260.18,15,12,Pending,Standard,Wholesale
O10046,C1077,Juan Dela Cruz,P5017,Nike Runner,Fashion,Shoes,Nike,Prime Goods,Online Store,Cebu City,Cebu,Philippines,John Cruz,GCash,PHP,2024-03-02,2024-03-07,3,1835.2,10,12,Pending,Standard,Retail
O10047,C1005,mArIa Cruz,P5144,Puma Travel,Fashion,Bag,Puma,Prime Goods,North Hub,Los Angeles,California,USA,Maria Santos,PayPal,USD,2025-06-04,2025-06-07,4,2912.38,5,12,Returned,Standard,Retail
O10048,C1000, maria  santos ,P5095,Nike Runner,Fashion,Shoes,Nike,Prime Goods,Online Store,CEBU CITY,Cebu,Philippines,John Cruz,Cash,PHP,2024-02-20,2024-02-21,1,2990.61,0,12,Returned,Same Day,Retail
O10049,C1003, maria  santos ,P5139,Nike Runner,Fashion,Shoes,Nike,ABC Supply,North Hub,cebu city,Cebu,Philippines,Maria Santos,GCash,PHP,2025-05-06,2025-05-07,10,1852,0,12,Returned,Same Day,Retail
O10050,C1005,Juan Dela Cruz,P5006,IKEA Ergo,Home,Chair,IKEA,Prime Goods,Online Store,Manilaa,NCR,Philippines,John Cruz,Cash,PHP,2024-01-24,2024-01-30,9,4608.19,10,12,Completed,Standard,VIP
O10051,C1075,mArIa Cruz,P5186,Lenovo ThinkPad,Electronics,Laptop,Lenovo,Prime Goods,North Hub,CEBU CITY,Cebu,Philippines,Maria Santos,GCash,PHP,2024-11-26,2024-12-01,5,1570.41,15,12,Completed,Standard,Wholesale
O10052,C1024,PEDRO REYES,P5173,Puma Travel,Fashion,Bag,Puma,ABC Supply,North Hub, Manila ,NCR,Philippines,Maria Santos,Cash Payment,PHP,2024-10-19,2024-10-22,9,4819.3,5,12,Returned,Express,Wholesale
O10053,C1104,Juan Dela Cruz,P5048,Nike Runner,Fashion,Shoes,Nike,ABC Supply,Online Store,Los Angeles,California,USA,John Cruz,GCash,USD,2025-05-06,2025-05-12,-9,1557.31,15,12,Pending,Standard,Retail
O10054,C1043,Juan Dela Cruz,P5077,Philips Hue,Home,Lamp,Philips,Prime Goods,North Hub,Los Angeles,California,USA,Maria Santos,Credit Card,USD,2024-02-21,2024-02-22,6,3246.54,15,12,Pending,Express,Wholesale
O10055,C1061,PEDRO REYES,P5115,Philips Hue,Home,Lamp,Philips,ABC Supply,North Hub,cebu city,Cebu,Philippines,Maria Santos,Cash Payment,PHP,2024-07-15,2024-07-19,4,4913.81,15,12,Pending,Standard,VIP
O10056,C1097, maria  santos ,P5198,Lenovo ThinkPad,Electronics,Laptop,Lenovo,Prime Goods,Online Store,cebu city,Cebu,Philippines,Maria Santos,CASH,PHP,2024-11-18,2024-11-23,7,3979.21,10,12,Completed,Express,VIP
O10057,C1145,mArIa Cruz,P5184,Samsung Galaxy,Electronics,Phone,Samsung,ABC Supply,North Hub,Manila,NCR,Philippines,John Cruz,CASH,PHP,2025-04-01,2025-04-08,8,3507.58,5,12,Completed,Same Day,Wholesale
O10058,C1083, maria  santos ,P5122,Puma Travel,Fashion,Bag,Puma,ABC Supply,Online Store, Los Angeles ,California,USA,Maria Santos,GCash,USD,2024-11-30,2024-12-04,10,3428.81,10,12,Pending,Standard,Wholesale
O10059,C1134, maria  santos ,P5078,Puma Travel,Fashion,Bag,Puma,Prime Goods,North Hub, Manila ,NCR,Philippines,John Cruz,GCash,PHP,2025-03-28,2025-03-30,2,1267.46,0,12,Returned,Express,Retail
O10060,C1099, maria  santos ,P5108,Philips Hue,Home,Lamp,Philips,ABC Supply,Online Store,cebu city,Cebu,Philippines,John Cruz,GCash,PHP,2025-01-16,2025-01-19,5,4051.04,15,12,Pending,Same Day,Wholesale
O10061,C1061,PEDRO REYES,P5200,Nike Runner,Fashion,Shoes,Nike,Prime Goods,North Hub,Los Angeles,California,USA,Maria Santos,GCash,USD,2024-06-01,2024-06-07,2,663.04,0,12,Pending,Standard,VIP
O10062,,PEDRO REYES,P5128,Lenovo ThinkPad,Electronics,Laptop,Lenovo,Prime Goods,North Hub,Manilaa,NCR,Philippines,Maria Santos,PayPal,PHP,2025-04-01,2025-04-03,3,2451.33,0,12,Completed,Express,VIP
O10063,,PEDRO REYES,P5083,Philips Hue,Home,Lamp,Philips,ABC Supply,North Hub,LOS ANGELES,California,USA,John Cruz,Cash,USD,2024-06-05,2024-06-10,3,1460.58,15,12,Completed,Same Day,Wholesale
O10064,C1003,PEDRO REYES,P5010,Lenovo ThinkPad,Electronics,Laptop,Lenovo,Prime Goods,North Hub,manila,NCR,Philippines,John Cruz,CASH,PHP,2024-03-11,2024-03-14,8,1664.43,10,12,Pending,Express,Wholesale
O10065,C1065,PEDRO REYES,,Nike Runner,Fashion,Shoes,Nike,Prime Goods,Online Store,LOS ANGELES,California,USA,Maria Santos,Credit Card,USD,2024-04-10,2024-04-11,1,4496.28,0,12,Pending,Express,VIP
O10066,C1141, maria  santos ,P5079,Puma Travel,Fashion,Bag,Puma,ABC Supply,Online Store,MANILA,NCR,Philippines,Maria Santos,GCash,PHP,2025-01-05,2025-01-07,2,4470.89,0,12,Completed,Same Day,Retail
O10067,C1124,PEDRO REYES,P5127,IKEA Ergo,Home,Chair,IKEA,ABC Supply,Online Store,CEBU CITY,Cebu,Philippines,Maria Santos,GCash,PHP,2024-04-29,2024-05-06,7,665.98,15,12,Completed,Standard,Retail
O10068,C1020,mArIa Cruz,P5150,Puma Travel,Fashion,Bag,Puma,ABC Supply,North Hub,Cebu City,Cebu,Philippines,Maria Santos,CASH,PHP,2024-01-08,2024-01-13,4,4565.41,0,12,Returned,Express,Wholesale
O10069,C1109,Juan Dela Cruz,P5137,Nike Runner,Fashion,Shoes,Nike,Prime Goods,North Hub,cebu city,Cebu,Philippines,Maria Santos,cash,PHP,2025-05-14,2025-05-17,2,4591.9,10,12,Pending,Express,VIP
O10070,C1150, maria  santos ,P5168,Nike Runner,Fashion,Shoes,Nike,Prime Goods,North Hub,Los Angeles,California,USA,Maria Santos,CASH,USD,2024-02-17,2024-02-23,6,2867.07,5,12,Pending,Same Day,Retail
O10071,C1064,PEDRO REYES,P5087,IKEA Ergo,Home,Chair,IKEA,Prime Goods,North Hub,Manilaa,NCR,Philippines,Maria Santos,Credit Card,PHP,2024-02-15,2024-02-21,9,4579.56,15,12,Returned,Standard,Retail
O10072,C1122,PEDRO REYES,P5130,IKEA Ergo,Home,Chair,IKEA,Prime Goods,Online Store, Cebu City ,Cebu,Philippines,Maria Santos,CASH,PHP,2025-02-08,2025-02-13,3,3560.53,10,12,Pending,Standard,VIP
O10073,C1146,mArIa Cruz,P5173,Samsung Galaxy,Electronics,Phone,Samsung,ABC Supply,North Hub,LOS ANGELES,California,USA,John Cruz,CASH,USD,2024-09-13,2024-09-14,10,383.96,5,12,Pending,Standard,Retail
O10074,C1134,PEDRO REYES,P5096,Puma Travel,Fashion,Bag,Puma,ABC Supply,North Hub,MANILA,NCR,Philippines,Maria Santos,CASH,PHP,2024-12-04,2024-12-11,10,1617.78,0,12,Returned,Express,Wholesale
O10075,C1118, maria  santos ,P5045,Samsung Galaxy,Electronics,Phone,Samsung,Prime Goods,North Hub,Cebu City,Cebu,Philippines,Maria Santos,PayPal,PHP,2024-05-07,2024-05-12,2,4172.79,10,12,Completed,Standard,VIP
O10076,C1004,Juan Dela Cruz,P5038,Lenovo ThinkPad,Electronics,Laptop,Lenovo,ABC Supply,North Hub,Cebu City,Cebu,Philippines,John Cruz,GCash,PHP,2025-02-18,2025-02-24,7,2083.14,10,12,Completed,Express,Wholesale
O10077,C1036, maria  santos ,P5171,Nike Runner,Fashion,Shoes,Nike,ABC Supply,North Hub, Manila ,NCR,Philippines,John Cruz,Cash,PHP,2024-04-05,2024-04-07,6,-100,15,12,Returned,Same Day,Retail
O10078,C1020,Juan Dela Cruz,P5139,Puma Travel,Fashion,Bag,Puma,Prime Goods,Online Store,Los Angeles,California,USA,John Cruz,GCash,USD,2024-03-06,2024-03-12,9,4946.99,0,12,Returned,Standard,VIP
O10079,C1066, maria  santos ,P5111,Nike Runner,Fashion,Shoes,Nike,ABC Supply,North Hub,Manilaa,NCR,Philippines,John Cruz,Cash Payment,PHP,2024-12-11,2024-12-15,4,2965.44,0,12,Pending,Express,Retail
O10005,C1082,mArIa Cruz,P5113,Puma Travel,Fashion,Bag,Puma,ABC Supply,Online Store,Cebu City,Cebu,Philippines,John Cruz,Cash Payment,PHP,2024-06-01,2024-06-04,4,1203.65,15,12,Pending,Same Day,Retail
O10081,,PEDRO REYES,P5150,Puma Travel,Fashion,Bag,Puma,Prime Goods,Online Store,Cebu City,Cebu,Philippines,Maria Santos,Cash Payment,PHP,2024-03-19,2024-03-21,6,1053.71,15,12,Pending,Same Day,Retail
O10082,C1101, maria  santos ,P5050,Puma Travel,Fashion,Bag,Puma,ABC Supply,Online Store,manila,NCR,Philippines,John Cruz,GCash,PHP,2025-05-01,2025-05-05,3,1280.26,15,12,Pending,Standard,Wholesale
O10083,C1020,Juan Dela Cruz,P5034,Philips Hue,Home,Lamp,Philips,ABC Supply,North Hub,Los Angeles,California,USA,Maria Santos,cash,USD,2024-11-06,2024-11-08,9,2362.43,15,12,Pending,Express,Retail
O10084,C1020,PEDRO REYES,P5081,Lenovo ThinkPad,Electronics,Laptop,Lenovo,Prime Goods,Online Store,Los Angeles,California,USA,John Cruz,GCash,USD,2024-08-29,2024-09-01,9,1606.98,10,12,Pending,Same Day,VIP
O10085,C1074,Juan Dela Cruz,P5039,IKEA Ergo,Home,Chair,IKEA,ABC Supply,North Hub,LOS ANGELES,California,USA,John Cruz,Cash,USD,2024-02-10,2024-02-17,3,2506.4,0,12,Completed,Same Day,Retail
O10086,C1057,PEDRO REYES,P5151,Lenovo ThinkPad,Electronics,Laptop,Lenovo,ABC Supply,Online Store,LOS ANGELES,California,USA,John Cruz,GCash,USD,2024-07-15,2024-07-16,9,4498.23,10,12,Pending,Same Day,Wholesale
O10087,C1044,Juan Dela Cruz,P5035,Lenovo ThinkPad,Electronics,Laptop,Lenovo,Prime Goods,North Hub,LOS ANGELES,California,USA,John Cruz,Cash Payment,USD,2025-03-07,2025-03-14,6,967.08,0,12,Completed,Express,Wholesale
O10088,C1104, maria  santos ,P5088,Puma Travel,Fashion,Bag,Puma,ABC Supply,Online Store,MANILA,NCR,Philippines,John Cruz,CASH,PHP,2024-09-04,2024-09-09,7,4465.9,0,12,Completed,Same Day,VIP
O10089,C1084,PEDRO REYES,P5021,Philips Hue,Home,Lamp,Philips,Prime Goods,Online Store, Los Angeles ,California,USA,Maria Santos,cash,USD,2024-07-01,2024-07-05,7,4069.61,10,12,Pending,Standard,Wholesale
O10090,C1092,Juan Dela Cruz,P5010,Philips Hue,Home,Lamp,Philips,ABC Supply,Online Store,Manila,NCR,Philippines,John Cruz,Cash,PHP,2024-01-12,2024-01-14,10,3887.8,0,12,Completed,Standard,Wholesale
O10091,C1046,Juan Dela Cruz,P5099,Lenovo ThinkPad,Electronics,Laptop,Lenovo,ABC Supply,North Hub,LOS ANGELES,California,USA,John Cruz,PayPal,USD,2025-01-20,2025-01-23,8,120.67,0,12,Returned,Standard,Retail
O10092,C1099,Juan Dela Cruz,P5084,Samsung Galaxy,Electronics,Phone,Samsung,ABC Supply,Online Store,Los Angeles,California,USA,John Cruz,PayPal,USD,2024-05-13,2024-05-18,5,2024.42,15,12,Returned,Same Day,Wholesale
O10093,C1001,PEDRO REYES,P5177,IKEA Ergo,Home,Chair,IKEA,Prime Goods,Online Store,Cebu City,Cebu,Philippines,John Cruz,Cash Payment,PHP,2024-02-06,2024-02-10,6,1225.15,0,12,Completed,Same Day,Retail
O10094,C1053, maria  santos ,P5034,Philips Hue,Home,Lamp,Philips,ABC Supply,North Hub, Cebu City ,Cebu,Philippines,Maria Santos,cash,PHP,2024-06-27,2024-07-04,7,269.55,15,12,Completed,Standard,Retail
O10095,C1115,PEDRO REYES,P5186,Samsung Galaxy,Electronics,Phone,Samsung,Prime Goods,North Hub, Manila ,NCR,Philippines,Maria Santos,Cash Payment,PHP,2024-12-11,2024-12-12,8,4159.25,5,12,Completed,Same Day,Wholesale
,,,,,,,,,,,,,,,,,,,,,,,,
O10097,C1120,Juan Dela Cruz,P5172,Philips Hue,Home,Lamp,Philips,ABC Supply,North Hub,Los Angeles,California,USA,John Cruz,Cash Payment,USD,2024-09-03,2024-09-10,3,1617.78,15,12,Returned,Same Day,VIP
O10098,C1080,mArIa Cruz,P5164,Puma Travel,Fashion,Bag,Puma,Prime Goods,North Hub,cebu city,Cebu,Philippines,Maria Santos,GCash,PHP,2024-04-30,2024-05-01,9,4414.25,15,12,Returned,Same Day,Wholesale
O10099,C1028,mArIa Cruz,P5079,Puma Travel,Fashion,Bag,Puma,ABC Supply,North Hub,Manila,NCR,Philippines,Maria Santos,cash,PHP,2025-04-11,2025-04-16,8,617.71,0,12,Completed,Same Day,VIP
O10100,C1101,mArIa Cruz,P5083,IKEA Ergo,Home,Chair,IKEA,ABC Supply,North Hub,Manilaa,NCR,Philippines,John Cruz,CASH,PHP,2024-05-12,2024-05-14,9,2212.94,10,12,Pending,Standard,VIP
O10101,C1016,PEDRO REYES,P5137,IKEA Ergo,Home,Chair,IKEA,ABC Supply,North Hub,los angeles,California,USA,Maria Santos,GCash,USD,2025-02-04,2025-02-10,2,2506.16,0,12,Pending,Express,Retail
O10102,C1019,mArIa Cruz,P5173,IKEA Ergo,Home,Chair,IKEA,Prime Goods,North Hub,los angeles,California,USA,John Cruz,Cash,USD,2025-03-10,2025-03-17,10,513.44,0,12,Returned,Same Day,VIP
O10103,C1095,PEDRO REYES,P5101,Nike Runner,Fashion,Shoes,Nike,Prime Goods,North Hub,Manila,NCR,Philippines,John Cruz,Credit Card,PHP,2024-05-04,2024-05-10,-1,3001.84,0,12,Pending,Express,Retail
O10104,C1040,mArIa Cruz,P5154,Nike Runner,Fashion,Shoes,Nike,Prime Goods,North Hub,Cebu City,Cebu,Philippines,John Cruz,Cash,PHP,2024-10-28,2024-11-02,5,3002.67,10,12,Returned,Same Day,Retail
O10105,C1051,mArIa Cruz,P5012,Lenovo ThinkPad,Electronics,Laptop,Lenovo,Prime Goods,North Hub,manila,NCR,Philippines,Maria Santos,cash,PHP,2024-07-08,2024-07-11,6,3487.34,5,12,Completed,Same Day,VIP
O10106,C1038,mArIa Cruz,P5063,Samsung Galaxy,Electronics,Phone,Samsung,Prime Goods,Online Store,Cebu City,Cebu,Philippines,John Cruz,Credit Card,PHP,2024-03-20,2024-03-22,10,4281.24,15,12,Returned,Same Day,VIP
O10107,C1020,mArIa Cruz,P5165,Philips Hue,Home,Lamp,Philips,ABC Supply,North Hub,Los Angeles,California,USA,John Cruz,Cash Payment,USD,2025-03-23,2025-03-29,7,4357.93,15,12,Pending,Standard,Retail
O10108,C1034,mArIa Cruz,P5097,Puma Travel,Fashion,Bag,Puma,ABC Supply,Online Store,Cebu City,Cebu,Philippines,Maria Santos,Credit Card,PHP,2024-01-04,2024-01-07,3,-100,0,12,Pending,Standard,Wholesale
O10109,C1133,PEDRO REYES,P5191,Philips Hue,Home,Lamp,Philips,ABC Supply,Online Store,MANILA,NCR,Philippines,John Cruz,Credit Card,PHP,2025-06-15,2025-06-16,5,4499.13,10,12,Pending,Standard,Retail
O10110,C1022, maria  santos ,P5008,Samsung Galaxy,Electronics,Phone,Samsung,Prime Goods,North Hub,Cebu City,Cebu,Philippines,John Cruz,Cash Payment,PHP,2024-09-04,2024-09-11,1,3622.59,15,12,Completed,Standard,Wholesale
O10111,C1013,PEDRO REYES,P5114,Samsung Galaxy,Electronics,Phone,Samsung,ABC Supply,Online Store,Los Angeles,California,USA,Maria Santos,Cash Payment,USD,2024-01-07,2024-01-12,1,2241.54,0,12,Pending,Express,VIP
O10112,C1077,mArIa Cruz,P5114,Philips Hue,Home,Lamp,Philips,ABC Supply,North Hub,Manilaa,NCR,Philippines,Maria Santos,Cash Payment,PHP,2025-04-02,2025-04-07,3,3504.9,15,12,Returned,Standard,Wholesale
O10113,C1003,PEDRO REYES,P5025,Nike Runner,Fashion,Shoes,Nike,ABC Supply,Online Store,Cebu City,Cebu,Philippines,John Cruz,Cash,PHP,2025-04-11,2025-04-15,8,813.84,10,12,Pending,Same Day,Wholesale
O10114,C1150,mArIa Cruz,P5183,Puma Travel,Fashion,Bag,Puma,ABC Supply,North Hub,LOS ANGELES,California,USA,John Cruz,Cash,USD,2024-10-10,2024-10-16,-7,3774.66,10,12,Pending,Same Day,VIP
O10115,C1039, maria  santos ,P5009,Nike Runner,Fashion,Shoes,Nike,ABC Supply,North Hub,Manilaa,NCR,Philippines,Maria Santos,GCash,PHP,2025-01-10,2025-01-16,2,680.95,5,12,Returned,Express,Wholesale
O10116,C1042,PEDRO REYES,P5032,Lenovo ThinkPad,Electronics,Laptop,Lenovo,Prime Goods,North Hub,MANILA,NCR,Philippines,John Cruz,PayPal,PHP,2024-05-04,2024-05-08,9,1576.51,10,12,Returned,Same Day,VIP
O10117,C1043, maria  santos ,P5022,Lenovo ThinkPad,Electronics,Laptop,Lenovo,ABC Supply,Online Store,Cebu City,Cebu,Philippines,John Cruz,PayPal,PHP,2025-05-23,2025-05-26,3,-100,0,12,Pending,Same Day,Wholesale
O10118,C1123,Juan Dela Cruz,P5193,Lenovo ThinkPad,Electronics,Laptop,Lenovo,ABC Supply,Online Store,Manilaa,NCR,Philippines,John Cruz,GCash,PHP,2025-04-29,2025-05-05,3,4375.18,15,12,Completed,Express,Wholesale
O10119,C1133,PEDRO REYES,P5085,Nike Runner,Fashion,Shoes,Nike,Prime Goods,North Hub,LOS ANGELES,California,USA,Maria Santos,Cash,USD,2024-11-21,2024-11-25,8,4292.16,10,12,Completed,Express,VIP
O10005,C1116,mArIa Cruz,P5152,Lenovo ThinkPad,Electronics,Laptop,Lenovo,Prime Goods,Online Store,Manila,NCR,Philippines,John Cruz,cash,PHP,2024-05-28,2024-05-31,3,2170.65,15,12,Returned,Express,Retail
O10121,C1051,PEDRO REYES,P5120,Philips Hue,Home,Lamp,Philips,Prime Goods,North Hub,Los Angeles,California,USA,Maria Santos,CASH,USD,2024-07-20,2024-07-25,10,4900.84,15,12,Returned,Express,VIP
O10122,C1070,mArIa Cruz,P5065,Nike Runner,Fashion,Shoes,Nike,Prime Goods,North Hub,CEBU CITY,Cebu,Philippines,John Cruz,GCash,PHP,2024-03-07,2024-03-12,7,4911.2,10,12,Pending,Same Day,Retail
O10123,C1042, maria  santos ,P5137,Lenovo ThinkPad,Electronics,Laptop,Lenovo,ABC Supply,North Hub,Cebu City,Cebu,Philippines,Maria Santos,GCash,PHP,2024-09-23,2024-09-26,8,4457.03,10,12,Completed,Express,VIP
O10124,C1014,Juan Dela Cruz,P5184,Puma Travel,Fashion,Bag,Puma,ABC Supply,North Hub,Cebu City,Cebu,Philippines,Maria Santos,Cash,PHP,2024-04-27,2024-05-03,3,2486.93,5,12,Pending,Standard,Retail
O10125,C1129,Juan Dela Cruz,P5149,Samsung Galaxy,Electronics,Phone,Samsung,Prime Goods,North Hub, Los Angeles ,California,USA,John Cruz,cash,USD,2024-01-16,2024-01-19,4,1588.09,0,12,Completed,Standard,VIP
O10126,C1011,mArIa Cruz,P5041,IKEA Ergo,Home,Chair,IKEA,ABC Supply,Online Store,MANILA,NCR,Philippines,Maria Santos,Cash,PHP,2025-06-04,2025-06-08,3,4069.69,5,12,Pending,Express,VIP
O10127,C1101, maria  santos ,P5097,Puma Travel,Fashion,Bag,Puma,Prime Goods,North Hub,cebu city,Cebu,Philippines,John Cruz,cash,PHP,2024-04-22,2024-04-29,6,4234.82,15,12,Completed,Same Day,Retail
O10128,C1126,PEDRO REYES,P5030,Puma Travel,Fashion,Bag,Puma,Prime Goods,North Hub,Cebu City,Cebu,Philippines,John Cruz,Cash Payment,PHP,2024-09-25,2024-10-01,3,4165.03,0,12,Returned,Same Day,Wholesale
O10129,C1122,mArIa Cruz,P5138,Lenovo ThinkPad,Electronics,Laptop,Lenovo,Prime Goods,North Hub, Cebu City ,Cebu,Philippines,Maria Santos,CASH,PHP,2025-02-06,2025-02-09,10,3282.29,5,12,Returned,Same Day,Wholesale
O10130,C1029,mArIa Cruz,P5084,IKEA Ergo,Home,Chair,IKEA,ABC Supply,North Hub,Los Angeles,California,USA,John Cruz,CASH,USD,2025-01-26,2025-01-29,9,829.48,10,12,Completed,Standard,Wholesale
O10131,C1024,PEDRO REYES,P5095,Puma Travel,Fashion,Bag,Puma,Prime Goods,North Hub,MANILA,NCR,Philippines,Maria Santos,Cash,PHP,2024-07-16,2024-07-19,5,2807.87,15,12,Completed,Same Day,Retail
O10132,C1144,PEDRO REYES,P5032,Lenovo ThinkPad,Electronics,Laptop,Lenovo,ABC Supply,Online Store, Manila ,NCR,Philippines,John Cruz,Credit Card,PHP,2025-02-09,2025-02-16,6,3356.19,10,12,Completed,Same Day,VIP
O10133,C1072,Juan Dela Cruz,P5087,Puma Travel,Fashion,Bag,Puma,Prime Goods,Online Store,MANILA,NCR,Philippines,John Cruz,GCash,PHP,2025-03-26,2025-03-27,2,1145.12,0,12,Completed,Express,VIP
O10134,C1038, maria  santos ,P5029,Philips Hue,Home,Lamp,Philips,Prime Goods,Online Store,Los Angeles,California,USA,John Cruz,Cash,USD,2024-05-18,2024-05-23,10,1020.4,5,12,Returned,Same Day,VIP
O10135,C1114,mArIa Cruz,P5137,Lenovo ThinkPad,Electronics,Laptop,Lenovo,ABC Supply,Online Store,LOS ANGELES,California,USA,John Cruz,CASH,USD,2025-04-17,2025-04-18,10,2101.34,0,12,Returned,Express,Retail
O10136,C1044,Juan Dela Cruz,P5164,Samsung Galaxy,Electronics,Phone,Samsung,Prime Goods,North Hub,Los Angeles,California,USA,Maria Santos,PayPal,USD,2025-03-31,2025-04-02,1,2469.68,0,12,Pending,Express,Wholesale
O10137,C1133,mArIa Cruz,P5069,Philips Hue,Home,Lamp,Philips,ABC Supply,Online Store,CEBU CITY,Cebu,Philippines,Maria Santos,Cash,PHP,2024-08-26,2024-09-01,6,2009.2,15,12,Returned,Same Day,Wholesale
O10138,C1004,PEDRO REYES,P5112,IKEA Ergo,Home,Chair,IKEA,Prime Goods,North Hub,Manilaa,NCR,Philippines,John Cruz,Credit Card,PHP,2024-01-06,2024-01-08,1,302.25,0,12,Pending,Standard,Wholesale
O10139,C1016,Juan Dela Cruz,P5030,Nike Runner,Fashion,Shoes,Nike,ABC Supply,North Hub,Manila,NCR,Philippines,John Cruz,Cash,PHP,2025-03-16,2025-03-19,9,1119.87,10,12,Returned,Express,Retail
O10140,C1043,Juan Dela Cruz,P5106,Samsung Galaxy,Electronics,Phone,Samsung,Prime Goods,North Hub, Manila ,NCR,Philippines,John Cruz,Cash Payment,PHP,2024-05-12,2024-05-19,6,1153.93,5,12,Returned,Same Day,VIP
O10141,C1008, maria  santos ,P5107,Lenovo ThinkPad,Electronics,Laptop,Lenovo,ABC Supply,Online Store,Cebu City,Cebu,Philippines,Maria Santos,GCash,PHP,2024-09-29,2024-10-06,1,1085.95,10,12,Returned,Same Day,VIP
O10142,C1026,PEDRO REYES,P5051,Samsung Galaxy,Electronics,Phone,Samsung,Prime Goods,North Hub, Cebu City ,Cebu,Philippines,John Cruz,GCash,PHP,2024-10-22,2024-10-29,1,1372.81,5,12,Completed,Express,VIP
O10143,C1049,mArIa Cruz,P5065,Nike Runner,Fashion,Shoes,Nike,Prime Goods,North Hub, Cebu City ,Cebu,Philippines,John Cruz,Cash Payment,PHP,2024-03-31,2024-04-03,2,2524.69,15,12,Returned,Same Day,Wholesale
O10144,C1025,PEDRO REYES,P5078,Puma Travel,Fashion,Bag,Puma,ABC Supply,Online Store,cebu city,Cebu,Philippines,Maria Santos,cash,PHP,2024-10-19,2024-10-26,3,1801.29,15,12,Pending,Standard,Retail
O10145,C1093, maria  santos ,P5167,Nike Runner,Fashion,Shoes,Nike,Prime Goods,Online Store,Cebu City,Cebu,Philippines,John Cruz,Cash Payment,PHP,2025-01-13,2025-01-20,2,3711.55,5,12,Pending,Standard,Wholesale
O10146,,Juan Dela Cruz,P5152,Philips Hue,Home,Lamp,Philips,ABC Supply,Online Store,Cebu City,Cebu,Philippines,John Cruz,CASH,PHP,2025-02-15,2025-02-18,9,-100,15,12,Completed,Standard,Wholesale
O10147,C1076,mArIa Cruz,P5071,Puma Travel,Fashion,Bag,Puma,Prime Goods,North Hub,Manila,NCR,Philippines,Maria Santos,Cash Payment,PHP,2025-03-29,2025-03-31,9,1203.63,5,12,Pending,Express,VIP
O10148,C1093, maria  santos ,P5171,Nike Runner,Fashion,Shoes,Nike,ABC Supply,Online Store,Los Angeles,California,USA,Maria Santos,cash,USD,2024-09-07,2024-09-11,10,3289.47,0,12,Completed,Standard,Retail
O10149,C1079,Juan Dela Cruz,P5154,Philips Hue,Home,Lamp,Philips,ABC Supply,Online Store,los angeles,California,USA,John Cruz,CASH,USD,2024-03-07,2024-03-10,2,2298.95,10,12,Pending,Express,Wholesale
